mv 2014-12-17_devdays_milano.jpg 2014-12-17_devdays_milano.jpeg
mv AppsPortathon.jpg AppsPortathon.jpeg
mv CADdigest_selection.jpg CADdigest_selection.jpeg
mv GR_34_bretagne.jpg GR_34_bretagne.jpeg
mv JoinedElements.jpg JoinedElements.jpeg
mv accurate_beam_paint_area_1.jpg accurate_beam_paint_area_1.jpeg
mv accurate_beam_paint_area_2.jpg accurate_beam_paint_area_2.jpeg
mv accurate_beam_paint_area_3.jpg accurate_beam_paint_area_3.jpeg
mv accurate_beam_paint_area_4.jpg accurate_beam_paint_area_4.jpeg
mv accurate_beam_paint_area_5.jpg accurate_beam_paint_area_5.jpeg
mv accurate_beam_paint_area_6.jpg accurate_beam_paint_area_6.jpeg
mv adsk_founders_jumping.jpg adsk_founders_jumping.jpeg
mv anoixi.jpg anoixi.jpeg
mv appstore_download_conversion.jpg appstore_download_conversion.jpeg
mv au2016.jpg au2016.jpeg
mv au2016_2.jpg au2016_2.jpeg
mv au_2014_locations.jpg au_2014_locations.jpeg
mv autodesk_renewable_energy.jpg autodesk_renewable_energy.jpeg
mv bb_extract_beam_edge.jpg bb_extract_beam_edge.jpeg
mv birthday_cake_joe_ye.jpg birthday_cake_joe_ye.jpeg
mv bitten_schoki_easter_bunny.jpg bitten_schoki_easter_bunny.jpeg
mv burning_armchair.jpg burning_armchair.jpeg
mv coworking_login_telephones.jpg coworking_login_telephones.jpeg
mv datatobim_img_error.jpg datatobim_img_error.jpeg
mv destination_bim.jpg destination_bim.jpeg
mv dimension_with_leader.jpg dimension_with_leader.jpeg
mv discipline_4.jpg discipline_4.jpeg
mv dodocase_nfc_card.jpg dodocase_nfc_card.jpeg
mv dwf_property_1.jpg dwf_property_1.jpeg
mv dwf_property_2.jpg dwf_property_2.jpeg
mv dwf_property_3.jpg dwf_property_3.jpeg
mv dwf_property_4.jpg dwf_property_4.jpeg
mv exchange_apps_hackathon_2014.jpg exchange_apps_hackathon_2014.jpeg
mv family_api_table_params.jpg family_api_table_params.jpeg
mv forge.jpg forge.jpeg
mv grand_canyon_penny_back.jpg grand_canyon_penny_back.jpeg
mv grand_canyon_penny_front.jpg grand_canyon_penny_front.jpeg
mv humblebookbundle.jpg humblebookbundle.jpeg
mv ifc_guid_parameter.jpg ifc_guid_parameter.jpeg
mv instance_edges_1.jpg instance_edges_1.jpeg
mv instance_edges_2.jpg instance_edges_2.jpeg
mv japan_hackathons.jpg japan_hackathons.jpeg
mv jd_heat_load_calculation_data_schema.jpg jd_heat_load_calculation_data_schema.jpeg
mv joe_ye_au_2014.jpg joe_ye_au_2014.jpeg
mv localise_content_1.jpg localise_content_1.jpeg
mv mep_part_type_classes_1.jpg mep_part_type_classes_1.jpeg
mv mep_part_type_classes_2.jpg mep_part_type_classes_2.jpeg
mv mep_part_type_classes_3.jpg mep_part_type_classes_3.jpeg
mv mep_part_type_classes_4.jpg mep_part_type_classes_4.jpeg
mv mep_part_type_classes_5.jpg mep_part_type_classes_5.jpeg
mv miter_cut_beam_2.jpg miter_cut_beam_2.jpeg
mv morning_full_moon_2013-11.jpg morning_full_moon_2013-11.jpeg
mv nbs_01A-DragAndDrop.jpg.jpg nbs_01A-DragAndDrop.jpg.jpeg
mv new_project_splash_screen.jpg new_project_splash_screen.jpeg
mv obj_export_2014_octane.jpg obj_export_2014_octane.jpeg
mv parametric_sink_sweep.jpg parametric_sink_sweep.jpeg
mv patterndims.jpg patterndims.jpeg
mv pre_full_moon_2014-04.jpg pre_full_moon_2014-04.jpeg
mv preview_image_family_type.jpg preview_image_family_type.jpeg
mv preview_image_group.jpg preview_image_group.jpeg
mv project_expo_stringray.jpg project_expo_stringray.jpeg
mv purge_unused_etransmit_1.jpg purge_unused_etransmit_1.jpeg
mv purge_unused_etransmit_2.jpg purge_unused_etransmit_2.jpeg
mv rapid_application_development.jpg rapid_application_development.jpeg
mv reload_links_1.jpg reload_links_1.jpeg
mv revit_api_docs_full_text_search.jpg revit_api_docs_full_text_search.jpeg
mv ribbon_pin2.jpg ribbon_pin2.jpeg
mv rs_linked_elements_1.jpg rs_linked_elements_1.jpeg
mv setout_points_ar1.jpg setout_points_ar1.jpeg
mv setout_points_ar2.jpg setout_points_ar2.jpeg
mv setout_points_ar5.jpg setout_points_ar5.jpeg
mv smithsonian1.jpg smithsonian1.jpeg
mv smithsonian2.jpg smithsonian2.jpeg
mv solid_red_line_style_detail_items.jpg solid_red_line_style_detail_items.jpeg
mv sweep_performance_roof.jpg sweep_performance_roof.jpeg
mv tb_win10_security.jpg tb_win10_security.jpeg
mv tech-comics-non-breaking-change.jpg tech-comics-non-breaking-change.jpeg
mv ten_years.jpg ten_years.jpeg
mv textnote_leader_1.jpg textnote_leader_1.jpeg
mv textnote_leader_3.jpg textnote_leader_3.jpeg
mv topo_surface_03.jpg topo_surface_03.jpeg
mv universidad_europea.jpg universidad_europea.jpeg
mv viewport_position_difference_2013.jpg viewport_position_difference_2013.jpeg
mv wall_openings_01.jpg wall_openings_01.jpeg
mv wall_openings_03.jpg wall_openings_03.jpeg
mv warning.jpg warning.jpeg
mv welded_pipe_outlets.jpg welded_pipe_outlets.jpeg
mv william_spier_relaxing.jpg william_spier_relaxing.jpeg
mv year_of_the_monkey.jpg year_of_the_monkey.jpeg
mv year_of_the_rooster_2017.jpg year_of_the_rooster_2017.jpeg
mv year_of_the_snake.jpg year_of_the_snake.jpeg
